UserId,FirstName,LastName,RewardsTotal,AccountNumber,AccountLimit
10,Anaïs,Timbs,6411.72,408,2122.16
4,Maïlis,Dorwood,4695.64,945,1784.15
3,Andrée,Elijah,6637.44,735,895.16
9,Agnès,Buckthorpe,2837.88,622,1881.94
1,Måns,Ysson,7648.63,987,3094.04
4,Stévina,Burriss,7690.13,558,8279.37
4,Håkan,Chiddy,9269.08,709,6666.7
8,Méghane,Thomlinson,419.78,423,4822.21
3,Maéna,McFade,6561.43,611,2282.8
7,Maéna,Liddyard,7349.99,321,2074.49
1,Cécilia,Libbie,4165.79,206,8084.51
8,Ruì,Gascar,3408.5,821,4652.82
3,Maïly,Jefford,2781.32,673,2436.73
4,Léane,Rentoll,4145.86,380,210.97
4,Célestine,Lowater,7341.91,150,1413.35
9,Måns,Wigsell,3213.57,3,9970.08
7,Åslög,Brekonridge,5693.59,700,7166.75
6,Mahélie,Antos,1151.4,998,7409.13
1,Pélagie,Abad,7955.58,562,8693.06
2,Naéva,Gedge,762.36,765,1525.41
10,Marie-hélène,Springtorpe,6747.45,124,1757.5
7,Dorothée,Girardetti,3920.22,800,4084.43
6,Andréa,Gooderson,5241.13,77,1188.14
9,Jú,Eamer,4413.78,59,4406.83
8,Lèi,Klimek,3032.71,292,6599.86
6,Desirée,Rainon,2045.55,325,2835.3
2,Kù,Eveleigh,635.81,530,1301.15
1,Pò,Critchard,4990.7,959,4717.53
1,Marie-ève,Lattimer,2700.52,644,3718.77
4,Cunégonde,Bowhay,6148.39,452,3153.83
3,Loïca,Hartzenberg,7297.67,111,8265.38
1,Fèi,Bizzey,7043.35,183,2634.08
9,Mårten,Coronas,8394.63,978,7401.53
1,André,Ivashnikov,4717.52,955,8954.7
2,Almérinda,Dunstall,1857.46,438,2687.23
2,Gérald,Hicklingbottom,6463.4,516,4675.73
2,Eléonore,Sellor,4241.94,685,7990.29
5,Léa,Fri,7808.9,66,1351.8
9,Bénédicte,Wickmann,9531.5,347,4217.77
10,Bérangère,Cosslett,7055.03,174,7984.97
3,Åke,Bunclark,1278.98,58,3672.51
4,Vérane,Lammas,6992.25,2,777.91
6,Geneviève,Rogeon,9633.44,744,9538.48
9,Géraldine,Gilston,1589.27,500,6848.45
7,Néhémie,Grubb,701.71,47,398.98
2,Adélie,Giorgione,6055.09,595,8388.69
6,Edmée,Fockes,7037.99,844,1853.12
9,Pélagie,Le Marquis,9415.34,589,7157.72
9,Ruò,Fidoe,4504.34,488,1099.3
7,Médiamass,Bridgeland,2704.77,737,6842.77
3,Dorothée,Leipelt,8173.53,941,7706.83
8,Cloé,Adlem,4918.97,544,9632.1
7,Faîtes,Bolin,9005.33,649,7348.85
10,Lorène,Eisikovitsh,3622.39,275,5954.87
4,Mårten,Rowden,9017.25,331,8215.72
3,Publicité,Cadell,7128.54,85,1447.93
10,Stévina,Wilton,7240.36,942,8436.98
6,Desirée,Wellsman,3795.61,689,4704.87
7,Styrbjörn,Whiteoak,3411.7,824,6801.91
4,Angélique,Robelow,5067.28,568,557.95
3,Félicie,Cristou,4684.14,822,8295.91
8,Nuó,Blacktin,1284.62,84,5191.17
7,Andrée,Shinner,7238.69,80,775.01
3,Thérèse,Garside,4448.06,453,9414.39
9,Loïs,Poundford,3117.32,15,1911.81
1,Faîtes,Demeza,9878.86,196,4399.93
8,Gwenaëlle,Walczak,8729.09,427,2858.4
5,Mélanie,Scaddon,3703.2,137,2032.1
10,Valérie,Aronovitz,9472.13,990,8226.77
9,Angèle,Halahan,9981.98,854,5531.58
10,Océane,Christophle,3450.99,84,6024.45
5,Irène,Demeter,5105.02,288,2380.66
6,Gwenaëlle,Robinson,9773.95,688,5136.07
6,Illustrée,Derdes,9985.59,816,3146.72
1,Rachèle,Aleso,5867.18,332,5082.34
6,Naéva,Aimer,7467.01,49,5255.88
4,Annotée,Lyfield,5289.61,465,1519.07
7,Léana,Vairow,2051.74,262,404.68
5,Loïc,Walsh,9319.45,542,4236.52
10,Aimée,Versey,5388.3,389,3737.28
6,Séréna,Elderton,9163.53,598,1313.64
8,Mà,Marris,9907.61,514,3424.01
1,Léa,Betton,1745.95,96,8498.26
1,Mélys,Andrzejczak,9977.29,882,9312.9
1,Ruò,Rulton,6088.22,710,5245.82
10,Maïlys,Spain,9522.73,106,4518.32
10,Angèle,Dinis,7251.67,346,9811.77
5,Maïwenn,O'Kerin,2330.06,359,2615.12
10,Pò,Costen,3357.32,952,80.64
10,Régine,Donaldson,6487.63,323,5210.07
9,Marie-josée,Pilley,3808.06,71,8515.71
3,Eugénie,Kestell,53.08,271,937.25
3,Aí,Silkston,783.19,893,1223.21
9,Cléa,Dowden,4519.51,361,6395.79
1,Eléonore,Bernhardt,4819.31,581,7807.27
5,Athéna,Gallard,2101.1,559,6667.65
3,Torbjörn,Bugg,4360.54,856,1233.45
1,Annotés,Royson,9832.39,283,7287.45
6,Marie-hélène,Clements,6602.52,152,1736.04
8,Cinéma,Girardi,8821.03,587,5306.28
4,Séréna,Raffeorty,2854.33,2,2321.45
1,Mylène,Mangenet,2521.01,409,2781.16
6,Gaëlle,Domegan,7770.15,131,2180.56
9,Angélique,Sivier,2404.86,361,9869.54
5,Hélèna,Wyles,7898.91,652,109.4
7,Personnalisée,Benjamin,9542.36,505,1192.24
10,Gwenaëlle,Scallon,2017.38,555,6253.16
4,Mélissandre,Burbank,3533.13,369,9596.49
10,Thérèsa,Goodby,368.0,17,6992.26
6,Aí,Ricoald,9073.2,796,7026.73
8,Maëline,Doberer,526.37,322,3833.81
7,Mélinda,Parvin,3968.17,233,6095.2
8,Méryl,Behninck,1026.3,519,7694.19
2,Maïwenn,Labbez,2509.74,542,805.05
8,Laïla,Aynold,5222.42,655,859.36
8,Josée,Caro,3905.44,624,4945.42
8,Anaël,Collete,2773.29,739,8717.28
10,Marylène,Lazare,6188.75,425,8776.19
1,Hélèna,Joul,5832.43,410,9265.73
7,Léane,Oxtoby,4157.87,821,8741.38
8,Néhémie,Marikhin,1655.73,378,4539.19
7,Inès,MacDermot,5153.03,180,7838.01
3,Jú,Suffe,77.75,390,1047.52
6,Mélanie,Argente,3892.77,726,3464.52
1,Ráo,Markova,8982.99,848,3085.92
6,Zoé,Ruecastle,9436.41,298,2115.03
3,Mélodie,Feldmus,8813.34,25,496.91
5,Maïté,McNess,3345.32,494,4085.41
7,Gérald,Knocker,5954.92,612,6041.76
5,Marie-ève,Dyster,1842.67,782,9031.77
10,Renée,Kassidy,6314.58,977,4511.12
5,Yáo,Waliszek,5574.77,93,6224.06
4,Marlène,Prendergrast,607.46,73,2625.9
6,Adélie,Metcalf,9162.59,567,2308.93
1,Réservés,Gregoli,6338.01,835,3399.46
7,Néhémie,McGillicuddy,3514.05,189,1281.6
2,Åke,Meeke,3353.53,374,574.96
7,Andréa,Hemerijk,9411.33,771,3639.42
4,Estève,Murr,7133.3,702,9387.08
5,Cécile,O'Hagirtie,2990.85,287,6052.69
6,Sòng,De Mico,284.3,656,2573.82
4,Marlène,Ziem,3012.57,449,9814.38
8,Sòng,Sousa,3745.41,767,8226.55
1,Bérénice,Jannasch,4118.68,488,9373.23
10,Nadège,Hallihane,6904.33,134,2165.61
5,Mén,McElhargy,4206.39,98,9399.7
5,Frédérique,Bunclark,1523.38,758,5629.13
9,Yáo,Scarth,9980.99,113,5217.37
3,Cécilia,Apfelmann,761.85,579,3716.87
9,Mélina,Lethebridge,1553.32,532,9044.34
8,Aloïs,Maylour,9895.91,923,3615.02
8,Torbjörn,Dinley,7550.85,294,3339.21
5,Maëlys,Gavagan,3442.87,490,8788.27
2,Aí,Strutt,6325.38,349,265.31
6,Wá,Egar,8463.74,150,567.38
4,Clémentine,Rummery,8621.43,702,5824.49
8,Märta,Wheatman,1780.23,690,1816.68
7,Mylène,Beadel,1783.51,497,5986.6
8,Sélène,Baitman,8165.18,979,3172.82
4,Aloïs,Pickavant,8275.54,417,5663.93
4,Magdalène,Layton,9139.78,741,8343.07
8,Bérengère,Clemence,1997.88,519,8658.06
5,Faîtes,Harhoff,7966.28,39,982.67
7,Vérane,Rollings,5811.24,395,443.23
7,Laïla,Marwick,5577.23,583,4246.12
6,Athéna,Gatecliff,8224.01,676,4379.24
4,Réjane,Jorry,7053.81,769,8293.37
8,Desirée,Dugall,8152.5,674,8841.09
1,Mà,Mainwaring,7524.51,634,9492.95
2,Marie-thérèse,Minchell,5660.39,654,4852.75
9,Jú,Malling,2047.72,102,8780.53
8,Yè,Byng,3478.09,521,3716.44
7,Adèle,Borsnall,9104.1,293,5737.2
8,Dù,Dowderswell,3737.1,664,4613.82
7,Maëlann,Winkle,282.52,537,9504.18
1,Uò,Crooke,617.81,903,2808.44
9,Östen,Coleyshaw,1651.95,160,488.46
2,Estève,Salters,1654.23,192,2572.16
1,Lài,Unwins,5967.83,163,3426.7
6,Zhì,Steutly,5957.32,60,6417.92
2,Angèle,Liebermann,1932.21,254,2565.16
7,Ráo,Chelsom,4395.5,82,3669.36
3,Zoé,Ford,3171.37,534,5912.99
9,Ruì,Dallimore,5115.82,635,9377.79
8,Bénédicte,Aisthorpe,5654.54,327,844.57
2,Lén,Frostdyke,8012.26,100,1322.2
1,Bénédicte,Bloss,6854.88,834,1414.92
3,Clémence,Fernant,1012.34,681,2545.36
5,Aí,Mc Carroll,4927.42,732,8983.36
4,Anaëlle,Edwicke,800.19,228,6987.94
10,Lyséa,Boor,1307.61,609,5911.15
9,Garçon,Wackett,2545.95,407,666.32
10,Laïla,Llorente,8919.31,953,4954.97
10,Esbjörn,Atto,2992.33,469,7552.58
6,Marie-noël,Labadini,3387.14,296,5698.01
8,Léandre,Mazzilli,2517.66,590,84.91
2,Maïly,Aspden,5444.35,509,3454.07
3,Ráo,Meece,2926.81,327,4284.25
8,Eloïse,O'Kelly,4035.7,126,7975.82
5,Bénédicte,Bowbrick,8873.99,670,7440.5
9,Audréanne,Routledge,5088.11,183,4864.24
9,Mélanie,Bracken,3208.57,536,2989.2
5,Maïlis,Hackinge,9870.08,770,8143.73
4,Annotée,Cisco,8704.18,618,7245.81
5,Méryl,Sarjeant,8239.75,445,4583.74
5,Pénélope,O'Bradain,737.92,60,1676.2
8,Léonie,Slatter,368.51,713,9766.27
2,Noëlla,Hacquel,2514.77,710,3887.27
7,Stéphanie,Calow,955.0,582,6753.18
9,Félicie,Chazotte,496.85,155,4326.95
6,Sòng,Scorer,9250.48,676,8438.2
3,Tú,McGinnis,4087.38,308,4747.33
7,Mahélie,McLenahan,559.52,206,3753.23
9,Laurène,Dullingham,6836.7,910,1674.86
9,Maïly,Venart,1643.48,807,4296.41
8,Nélie,Gellett,2722.65,622,3490.39
4,Méthode,Cornwall,5143.93,659,9121.43
4,Néhémie,Bern,3015.07,811,5014.17
6,Annotée,Aingel,6721.64,398,1743.02
1,Clémentine,Sandbrook,9277.65,478,9191.77
6,Maëly,Whittock,2985.33,238,9752.73
9,Anaïs,Vale,8963.96,154,9704.76
3,Stéphanie,Reams,8002.13,36,5800.06
6,Eugénie,Quade,8741.81,177,6565.91
6,Uò,Nettleship,812.1,918,8076.2
7,Östen,Josipovitz,8957.99,845,2414.48
10,Bérénice,McBride,8765.14,348,2257.06
5,Lyséa,Fontaine,9569.86,887,1425.4
6,Eloïse,Simioni,9599.75,124,7302.24
1,Léa,Luton,1090.54,814,3824.88
5,Océanne,Dudderidge,8467.07,524,6014.66
6,Adélaïde,Hamill,2043.91,108,4655.42
5,Åsa,Gawthrop,607.64,151,9172.27
3,Jú,Janek,8175.85,950,7950.95
3,Sélène,Mitcham,8548.16,937,1402.26
4,Björn,Toomey,9018.63,592,1917.31
2,Maëlys,Craiker,1021.45,721,1909.33
7,Angélique,Arro,3595.17,559,8436.99
6,Léonie,Elkins,6974.08,672,5066.95
8,Håkan,Shillom,6253.84,953,2179.63
6,Esbjörn,Targe,1680.66,63,2983.99
2,Amélie,Onians,4991.48,735,7251.83
5,Bécassine,Lukesch,6655.56,517,7325.31
7,Séverine,Lightbowne,8805.48,781,9770.55
8,Méline,Beverage,571.1,204,8265.72
6,Lorène,Shavel,9429.48,655,7117.77
1,Loïca,Widdowes,4736.84,762,3092.76
3,Håkan,Brocking,6323.66,423,6839.0
7,Laurélie,Izzett,6295.17,80,7533.06
5,Ruò,Cordeau],7446.22,369,9093.25
3,Dafnée,Trussell,8791.79,85,2750.25
9,Audréanne,Lewknor,849.43,729,827.12
5,Magdalène,Laurenson,9776.22,592,7336.73
2,Stéphanie,Maplesden,7587.51,855,4000.71
8,Eliès,Syvret,4479.02,980,7393.42
3,Cléopatre,Khrishtafovich,226.12,442,1785.14
9,Judicaël,Whellams,6472.48,1000,2199.95
8,Gaïa,Bertolaccini,3781.8,37,2044.32
7,Lóng,Coupman,4460.66,68,2341.43
7,Léana,McDougald,6628.39,759,8272.01
9,Loïs,Harbard,3470.3,264,8581.35
1,Fèi,Stroobant,5154.06,791,4652.74
4,Annotée,Werrit,8042.0,781,964.91
5,Almérinda,Bellino,3883.69,755,5256.29
7,Styrbjörn,Cheng,6416.48,464,4160.56
7,Bérengère,Pavel,3707.39,543,3258.68
1,Maéna,Lourenco,7370.91,345,7652.03
4,Dù,St Louis,6974.33,235,8240.12
2,Dorothée,Delagnes,1911.97,78,5210.1
7,Stéphanie,Raitie,3988.86,825,3420.25
8,Thérèsa,Archell,7668.95,893,9049.66
4,Ruò,Eisak,5689.78,900,2321.58
9,Torbjörn,Bernadzki,7881.45,9,7276.6
9,Mélinda,Akenhead,2979.99,952,5222.41
8,Naëlle,Emslie,9115.61,865,6399.33
3,Chloé,Mallya,6881.62,713,2010.56
2,Judicaël,Jorn,195.66,443,468.5
6,Görel,Cuddon,4021.97,625,3845.11
7,Réjane,Ledington,9548.09,144,3115.19
10,Marie-françoise,Endersby,3695.13,936,4004.81
1,Athéna,Nevett,5273.24,46,783.8
9,Eliès,Mussington,2863.9,896,5085.37
7,Yáo,Zecchinelli,4620.95,484,7228.39
9,Nélie,Sewill,5542.87,648,912.32
8,Judicaël,Wabey,4269.43,772,6747.46
2,Aí,Meeny,3488.51,590,5395.32
3,Naëlle,Tawn,1151.62,541,517.07
2,Audréanne,Grigoryov,7154.91,783,8558.26
10,Yóu,Jeandillou,8366.08,839,9516.18
7,Uò,Grinyakin,1380.89,130,2477.65
5,Gaïa,Montez,103.75,637,8870.1
8,Hélène,Lernihan,1797.83,821,5153.42
8,Björn,Newcombe,3818.54,647,5274.36
1,Aimée,Eagleston,2488.14,801,2709.44
8,Médiamass,Churchin,1079.69,813,9501.02
4,Andréa,Towne,7133.18,288,5117.37
7,Cinéma,Featherstone,9011.05,21,5412.58
6,Solène,Rabidge,9517.42,937,9459.6
7,Mà,Barbery,7308.11,432,813.32
1,Méthode,Gurton,8545.57,105,4977.94
1,Inès,Bantham,9480.19,995,8650.62
5,Zhì,Shapland,9748.55,556,6797.48
3,Cécilia,Ullett,3207.91,454,1746.63
4,Faîtes,Cocksedge,7622.38,618,9526.74
3,Görel,Hodjetts,281.67,591,9772.73
5,Loïs,Folbigg,233.79,120,1642.18
3,Cécile,O'Mahoney,6654.42,255,592.04
7,Geneviève,Manssuer,980.12,262,1829.93
2,Eléonore,Cheltnam,685.67,776,6936.44
7,Gwenaëlle,Yeudall,9988.87,736,5625.34
7,Solène,Stockill,6191.15,192,7534.47
9,Maëly,Febvre,537.48,34,9056.65
7,Maëlys,Rentoll,8842.21,732,7207.85
9,Mélys,Curnnok,6330.19,574,5210.84
3,Méline,Mountstephen,3814.23,213,4088.01
5,Andrée,Doerren,6851.23,142,3100.14
10,Naéva,Townby,6212.64,598,4252.43
2,Märta,Burrell,57.32,384,8029.04
5,Gaïa,Bifield,1629.91,244,6964.74
6,Audréanne,Stokoe,5632.83,57,5306.45
10,Danièle,Lampke,3987.95,833,2899.3
10,Pål,Stannering,9395.06,902,6825.1
1,Maï,Ketcher,6673.7,472,2621.58
5,Françoise,Gonoude,9576.73,556,7770.9
1,Méghane,Renahan,3978.63,799,5540.97
8,Desirée,Faiers,2805.79,599,5858.14
7,Esbjörn,Gawler,5501.69,303,1624.73
5,Yóu,Chater,4140.17,829,8426.13
4,Lucrèce,Hallward,1806.59,263,5651.64
6,Maïly,Lages,9701.57,708,4818.86
4,Måns,Pimer,1094.34,278,8781.54
2,Gérald,Jefferd,5793.22,461,9363.76
9,Börje,Mettetal,8859.32,980,4873.76
3,Gaïa,Mereweather,9578.61,141,4577.47
9,Anaé,Hammerberger,7103.33,880,7735.47
5,Magdalène,Tulip,8093.38,582,4948.81
10,Maïly,Rustman,5292.79,794,9358.46
9,Adélaïde,Stubbert,5065.01,335,1945.64
8,Zhì,Ravilious,2513.88,214,1531.01
4,Séréna,Pavic,8814.77,392,7067.24
5,Andréanne,Cowles,3755.46,640,1727.05
8,Sélène,Woolager,3000.42,785,8023.12
9,Måns,Cordeix,7457.87,439,7945.54
5,Léonore,Powe,6257.6,801,3247.95
7,Gaétane,Johnston,7794.42,96,9545.54
10,Simplifiés,Davern,1487.84,159,3130.05
2,Hélèna,Lufkin,5512.43,758,2226.39
2,Uò,Presshaugh,3597.78,995,5303.42
5,Andrée,Ledwitch,7943.9,653,6911.21
1,Léane,Wallbridge,7643.89,697,443.13
1,Adèle,Stowte,8388.13,978,9292.65
2,Réservés,Occleshaw,2633.53,550,1834.75
7,Åsa,Caveau,3093.03,262,155.03
7,Illustrée,Cooper,8197.06,950,843.03
2,Mén,Hinchshaw,8751.45,618,1293.12
1,Salomé,Gillions,4977.25,183,1469.53
9,Régine,Scane,7643.33,824,514.65
2,Nuó,Romanet,7150.66,255,9484.94
8,Gaétane,Lucius,5707.91,194,9213.75
2,Adélaïde,De Vaux,429.63,1,3316.33
7,Andréa,Rice,8009.51,775,998.39
2,Görel,Andrejs,7724.93,934,4859.05
7,Maéna,Sexcey,4765.46,328,1579.26
3,Tán,Maunder,803.74,232,9288.27
10,Lyséa,Carbine,3778.74,306,6446.41
7,Léana,Molineux,872.35,697,3256.89
7,Réjane,Dyster,1407.96,618,7615.88
2,Angèle,Kilalea,4851.99,923,8843.41
2,Réservés,Preskett,4065.0,29,4150.72
6,Geneviève,Guare,2510.05,40,6374.73
4,Intéressant,Oglethorpe,4738.99,254,3652.82
3,Gaétane,Starking,5968.46,436,6878.46
3,Maëlann,Blencoe,6477.32,764,2236.82
7,Liè,Peplaw,4609.61,321,4864.98
9,Célestine,Irwin,8727.39,694,6883.69
5,Cécilia,Batchelar,2848.05,623,5237.89
4,Léonie,Castagneri,7254.6,990,3525.65
1,Judicaël,Verring,6750.08,933,8769.8
4,Aloïs,Parramore,1968.4,535,5765.33
3,Marlène,Egre,9216.68,616,6437.1
9,Simplifiés,Culligan,1018.11,6,138.22
7,Eléonore,Mcettrick,8049.43,828,4450.88
1,Célestine,Le Huquet,2385.65,536,5644.09
5,Annotés,Flintoff,1267.71,417,2964.87
7,Véronique,Roblou,380.28,487,7136.93
5,Lorène,Keepence,3192.27,126,2148.53
5,Jú,Howles,1670.15,454,1635.33
3,Marie-noël,Shawcross,6797.98,968,4632.74
5,Pénélope,Berkery,6161.88,785,2890.53
8,Clémence,Dovinson,600.38,758,8822.64
3,Réservés,Mattschas,9400.73,753,1847.62
10,Maïté,Salmoni,4046.45,833,7501.61
10,Erwéi,Sturge,3405.2,664,1689.94
4,Aurélie,Stollenbeck,1140.27,503,186.85
7,Maïlis,Chaman,455.66,366,9517.03
3,Intéressant,Liddall,1618.69,374,1173.96
10,Méline,Paoletto,4552.79,791,8268.45
5,Yú,Woodson,8774.9,314,4341.33
7,André,Everist,7687.54,912,9466.01
1,Maëlann,Mathews,6853.07,406,1897.76
2,Gösta,Askaw,6888.9,489,9279.1
2,Hélèna,Paridge,1156.79,433,3788.54
3,Maïlys,Gulleford,7302.79,138,3603.25
3,Océanne,Burdell,7088.68,157,3372.98
6,Eloïse,Twine,1004.91,21,8776.31
10,Bérangère,Battey,1562.41,873,4130.38
2,Aloïs,Sanger,1616.06,939,5332.38
6,Bécassine,Primett,2895.62,914,5023.81
7,Tú,Tanzig,7483.53,553,2962.31
2,Béatrice,Mingard,6737.54,418,8423.37
9,Marie-noël,McCutcheon,2258.39,303,4345.32
4,Kévina,Pessold,165.53,21,7965.9
2,Fèi,Dowderswell,6998.61,742,2861.06
3,Mélina,Stangroom,4281.84,702,6812.1
4,Torbjörn,Killingbeck,5811.71,136,824.67
7,Léonie,Nazareth,4481.48,702,4144.8
1,Marie-thérèse,Mudle,2696.45,320,6309.76
5,Ruò,Natwick,3731.84,584,4087.74
4,Estève,Jervoise,2778.65,813,7813.51
2,Vénus,Shenfish,3888.27,427,614.2
8,Josée,Alchin,9466.47,261,384.45
1,Françoise,Galia,8633.64,745,4533.2
10,Anaël,Yerill,2431.57,767,390.58
9,Eliès,Wittering,99.0,343,3544.1
2,Loïca,Butteris,7447.77,930,7965.82
3,Marie-josée,Vany,3185.84,163,5275.65
5,Cécilia,Baine,5052.85,768,1521.31
4,Vénus,Izachik,8432.08,83,1722.68
7,Maéna,Tather,6710.92,656,3427.2
1,Kévina,Sollis,7064.85,851,8097.85
9,Camélia,Armin,2483.37,13,1413.11
6,Åke,Roycraft,7207.55,640,4625.99
7,Béatrice,Scarfe,3902.6,288,2867.83
5,Simplifiés,Duberry,1888.93,792,71.68
8,Estée,Veasey,2419.45,11,1581.24
6,Marie-hélène,Sproule,5888.78,837,8233.41
4,Rachèle,Emanueli,4510.93,366,8278.3
10,Gaétane,Temprell,8337.02,903,1677.86
8,Loïca,Deares,3372.42,340,3076.92
6,Lài,Ottey,8322.15,354,6717.78
4,Aimée,Guerriero,8465.96,39,5076.03
8,Cinéma,Camps,4517.48,495,2474.82
7,Crééz,Reolfi,1177.11,812,1436.61
2,Estève,Tombleson,2640.14,703,1856.95
9,Ruò,Brixey,9256.0,9,7240.37
5,Mélissandre,Puttnam,8500.58,826,4132.83
5,Eliès,McMichael,3599.55,92,1467.84
8,Dù,Luke,1223.32,71,7715.68
5,Erwéi,Kingsley,8135.98,234,4202.07
9,Cloé,Lummus,3938.06,229,9351.91
5,Sòng,Reichelt,7641.56,318,1969.29
5,Josée,Hambrook,7888.57,539,2194.01
9,Dà,Jakab,4074.76,408,5004.75
8,Léonore,Lorne,6671.93,680,9282.41
1,Styrbjörn,Gammidge,5164.57,164,9536.59
7,Océanne,Crawforth,4877.58,1000,4800.92
5,Félicie,Barensen,743.16,219,7138.28
4,Eléonore,Wadley,4619.59,901,6233.24
6,Françoise,Radwell,2623.14,755,9358.11
10,Andrée,Gynni,3992.27,557,3236.09
5,Åslög,Shord,8824.47,96,6142.24
5,Aí,Syme,978.38,96,2320.99
1,Anaïs,Trayford,4071.51,339,986.65
4,Lorène,Jeffery,8230.25,1000,7384.36
9,Clémence,Gobourn,8759.69,400,3225.43
6,Ráo,Sate,5091.87,242,5885.01
4,Océane,Conquest,8716.1,904,6350.6
4,Laurène,Cordelet,6725.12,32,3785.66
10,Régine,Clemett,5962.2,802,253.78
1,Noémie,Brecknock,3000.21,835,394.12
4,Mahélie,Oles,371.73,392,9921.1
2,Ophélie,Meharg,4845.77,434,9150.63
3,Nuó,Grummitt,237.02,867,8416.2
5,Zhì,Heigho,8853.78,803,3680.41
5,Marlène,Morde,595.6,963,2536.68
8,Stéphanie,Vigours,5587.31,434,4389.62
10,Wá,Odgers,2499.09,7,4591.62
8,Estée,Ganford,9827.88,722,8148.22
7,Judicaël,Caltera,7854.44,777,8184.33
3,Lén,Corbie,8554.32,10,6322.65
8,Annotés,Burnsell,3873.71,430,9263.72
9,Ruì,Linch,999.45,250,2961.29
2,Célestine,Bruyns,1054.46,286,4141.17
6,Clélia,Bourthouloume,6854.3,691,6178.12
8,Pò,Friman,2362.65,903,2316.72
1,Mahélie,Roake,8530.17,567,2529.77
4,Eliès,Schonfeld,7616.5,869,2379.11
7,Hélèna,Korpolak,4896.8,611,8588.03
8,Yè,Kennon,9556.41,756,6771.69
2,Uò,Petheridge,459.2,321,2410.23
9,Léandre,Polycote,5533.71,700,3635.98
10,Fèi,Wannell,2742.05,810,3159.77
8,Chloé,Foottit,4763.12,313,9440.55
1,Annotés,Conechie,905.02,22,2600.42
5,Lucrèce,Fuster,5003.1,657,7342.19
6,Cléa,Fairney,9245.55,396,2430.34
3,Zoé,Wyldbore,5634.78,728,3754.79
8,Crééz,Thomann,482.43,228,6638.87
8,Mélina,Presdee,2700.54,737,1975.5
2,Amélie,Wallis,5954.73,659,9602.34
6,Cécile,Boshers,6023.43,143,9792.35
8,Andrée,Darrigrand,3583.3,696,7415.57
5,Eliès,Scurlock,2590.2,356,1235.3
2,Athéna,Grundell,59.49,175,9351.45
6,Desirée,Holsey,8048.85,441,4803.14
6,Gérald,Gauson,6542.39,807,2466.26
4,Dorothée,McCarty,7164.98,60,6692.11
8,Gisèle,Sorrell,12.77,338,7861.1
9,Bécassine,Shere,999.94,683,5030.21
4,Marie-thérèse,Lampett,6318.81,898,8681.29
3,Anaïs,Cornbill,9253.47,218,6676.4
10,Valérie,Oller,9800.42,224,493.58
2,Styrbjörn,McAneny,8403.79,232,3287.79
3,Maï,Heam,4909.86,850,1584.8
4,Garçon,Woollam,5639.31,749,2267.81
9,Andrée,Johananov,5415.27,968,7937.59
7,Maïlis,Lieber,6452.23,515,3945.15
9,Léonie,Just,5951.91,269,4381.89
6,Réjane,Crowe,635.3,592,6813.06
1,Méryl,Hagley,4813.02,814,9948.81
2,Daphnée,Aulton,4082.39,505,5038.6
5,Athéna,Cowup,1995.91,484,3908.43
4,Cléa,Potes,7908.23,867,7412.09
10,Méthode,Lightning,2397.67,158,774.31
2,Sòng,Mendoza,860.09,757,8198.39
3,Océanne,Bonfield,6198.09,951,6863.04
5,Naéva,Mouton,6803.84,864,5285.06
2,Stévina,Spini,3042.82,359,4633.81
1,Yú,Sinott,8407.42,472,6794.59
2,Mélanie,Stronge,1646.73,828,7587.89
5,Aloïs,Prendiville,6148.76,929,2178.37
9,Réservés,Elletson,5297.09,43,2056.07
3,Göran,Carden,8120.95,47,6054.81
3,Táng,Olerenshaw,2839.97,778,3888.24
10,Dù,Lawday,9670.38,752,6180.6
8,Danièle,Penni,4330.4,906,1673.42
6,Desirée,Cross,8092.47,353,9910.06
2,Estève,Pitone,6011.52,683,7797.0
4,Lucrèce,Saur,142.75,208,7546.23
2,Céline,Curee,1749.19,850,7015.88
9,Séréna,Erwin,6047.25,562,97.01
8,Méthode,Gathercoal,8167.52,556,4953.51
7,Thérèse,McMeanma,8513.33,763,1490.51
4,Adélaïde,Alu,8769.38,71,5619.42
3,Maëlys,Kubes,547.46,332,6278.99
1,Laurélie,O Mullen,5093.02,689,9106.35
3,Maëline,Sleet,8313.1,822,3990.15
3,Dù,Jacques,1693.95,624,7103.7
5,Célia,Genike,5088.68,350,8260.14
8,Séverine,Copozio,2161.86,132,9802.42
1,Wá,Mycock,3370.4,387,4550.28
1,Miléna,O'Fihillie,4330.44,482,694.85
3,Marie-noël,Hlavac,808.72,508,5933.49
3,Méline,Riddich,384.99,262,8784.56
8,Stévina,Demangeon,9030.67,675,7886.15
9,Stéphanie,Hadland,6424.74,786,1563.81
3,Thérèse,English,5329.02,144,2009.32
2,Lyséa,Fortune,8988.36,878,950.85
9,Magdalène,Barnett,6146.48,737,7770.03
1,Aurélie,Martindale,848.57,264,7837.3
5,Estève,Entwistle,7892.26,583,5686.08
10,Zhì,Witcomb,7577.48,204,4688.73
1,Maïwenn,Guilliatt,3298.2,427,9163.21
7,Daphnée,Franzewitch,8598.13,462,1875.02
9,Adélaïde,Steger,5748.19,520,9388.57
7,Thérèse,McGilroy,6403.59,592,5163.09
6,Amélie,Frankiewicz,1401.87,697,7292.31
2,Pò,Abramski,9094.01,684,6433.49
7,Adélie,Joiris,5783.1,190,1094.17
10,Nadège,Seemmonds,6562.04,955,1181.29
8,Maï,Wybern,7673.54,279,8769.73
1,Angélique,Gellier,856.73,38,6828.49
9,Aurélie,Abbot,8245.72,895,5950.74
1,Maï,Boules,8045.94,243,3555.65
4,Eléa,Wakeham,8779.12,949,23.7
7,Uò,Noyes,678.51,66,5715.55
10,Sòng,Bewshire,1676.38,191,43.39
6,Lóng,Corradino,8295.34,540,5412.38
6,Uò,Blinckhorne,3383.8,161,3432.01
8,Gisèle,Litherland,1186.67,720,8200.39
1,Séverine,Djuricic,5846.77,681,7531.87
7,Maëlys,Ruddoch,6375.85,328,3768.83
2,Hélèna,Ricardon,2198.28,834,1980.67
9,Frédérique,Cawt,7537.31,202,2780.17
3,Frédérique,Marousek,5657.66,197,9392.59
7,Björn,Van den Velde,6543.63,15,6238.95
4,Chloé,Saville,9870.65,849,1220.06
3,Marie-josée,Dumingo,7238.77,71,7447.1
9,Gaétane,Hymans,3470.35,63,6209.34
8,Görel,Bromby,4369.58,511,9247.33
5,Josée,Aikett,6170.75,822,3684.6
4,Dafnée,Caulton,8869.75,210,2978.35
7,Béatrice,Sabberton,9674.25,570,86.99
10,Torbjörn,Forrester,867.07,212,6434.65
3,Ráo,Port,1661.5,878,1594.27
9,Mahélie,Pimblotte,5401.51,182,8344.23
4,Pål,Papen,5705.6,755,4128.29
1,Annotée,Peniman,8544.44,360,9423.28
7,Faîtes,Winckworth,411.53,425,1829.73
1,Göran,Cajkler,1069.28,541,3679.49
2,Yè,Gaddie,8971.7,420,7396.42
2,Cléopatre,Francisco,6684.29,209,8021.08
1,Lóng,Cecchi,6278.56,803,8449.3
10,Geneviève,Steabler,4387.48,863,8642.94
3,Andréanne,Jackways,584.85,429,7039.0
2,Alizée,Paolo,9005.1,661,9066.66
2,Björn,Machan,523.17,697,9772.37
8,Yóu,McMeyler,2394.39,957,302.9
1,Léana,Dyerson,531.11,503,1090.86
7,André,Addeycott,7251.08,446,6591.83
7,Esbjörn,Everett,3397.05,293,3467.21
10,Illustrée,Tebboth,5158.66,16,9513.18
10,Médiamass,Ferrier,9909.83,999,2351.64
6,Thérèsa,Rosie,6274.72,708,3467.75
4,Irène,Taysbil,7899.46,861,3555.53
3,Célia,Welberry,5270.99,750,7707.31
4,Simplifiés,Robelow,5359.27,854,6607.76
2,Noëlla,Beldham,8103.69,664,3947.71
7,Maïly,Pedder,6500.56,59,4294.37
3,Aí,Kreuzer,7243.69,723,7626.63
8,Lorène,Franzewitch,7008.19,192,862.47
2,Maïwenn,Jouhning,7186.99,775,4912.02
1,Amélie,Tash,723.47,309,1492.23
4,Ruì,Virgin,9663.91,824,8461.2
10,Sòng,MacDermid,4768.87,196,8649.21
6,Börje,Loynton,1045.68,570,9714.04
1,Gösta,Bodill,1137.73,399,3812.82
5,Anaël,Whitesel,8408.66,956,5283.57
8,Véronique,Farryn,7651.26,123,7730.09
3,Hélèna,Brecknell,4090.3,878,7597.89
6,Léa,Hayler,5386.88,367,8880.56
3,Crééz,Charrington,448.2,430,8894.11
6,Yáo,Bice,7624.69,32,3224.7
5,Dafnée,Wardingly,8310.0,927,6293.84
10,Esbjörn,Cluse,102.3,962,499.2
6,Yáo,Geany,1604.15,805,1989.68
6,Lauréna,Windley,5473.32,528,5140.89
6,Cloé,Belliard,585.81,592,8919.33
4,Cléa,Girardengo,9750.39,232,5241.05
4,Geneviève,Baddow,1538.04,272,1111.28
10,Gaétane,Pittson,5831.77,900,8105.9
8,Yóu,Devanny,6337.22,210,4822.05
8,Clémence,Ardron,5204.88,522,5763.76
1,Garçon,Likly,9822.36,81,7707.99
3,Méthode,Yukhnev,4531.59,894,7442.59
9,Märta,Gohn,3938.95,618,3688.98
4,Edmée,Facher,8262.96,897,4869.74
8,Angélique,Tolomio,8915.91,476,4628.97
3,Åsa,Frantzeni,8465.0,614,3001.69
8,Miléna,Filon,7900.02,243,3518.77
8,Fèi,Woodruffe,2725.97,643,8705.19
10,Loïc,Richichi,2258.03,930,1407.14
10,Publicité,Deinhard,4272.49,485,7089.68
5,Réjane,Kennifick,2740.38,622,7405.65
7,Léandre,Schirok,6308.37,131,2682.86
2,Tán,Birdwhistle,8800.55,559,3526.68
4,Néhémie,Breheny,7716.89,546,3635.45
10,Lorène,Kohring,5616.33,127,6919.5
9,Sòng,Camili,3765.77,715,5267.52
5,Zoé,Blaza,3012.53,155,1463.92
5,Andrée,Wistance,3989.61,38,7835.43
6,Séverine,Segeswoeth,3734.96,862,7802.79
10,Clémentine,Medmore,8753.24,595,9236.62
7,Cléopatre,Keston,241.75,943,3820.02
9,Faîtes,Rigden,9015.93,867,8526.96
2,Lyséa,Barhem,8941.48,734,6121.1
1,Adélie,Schuler,7810.53,889,8049.03
9,Yè,Pfeffle,2425.05,100,4261.58
4,Märta,Petford,1598.88,450,9909.65
2,Maéna,Cheston,4486.93,73,1637.88
3,Eloïse,Powe,3052.05,213,9347.95
1,Erwéi,Veld,5578.75,221,5098.88
10,Adélie,Astill,8585.86,897,97.19
6,Méline,Huws,3765.42,772,9126.86
10,Cécilia,Lassell,8140.45,698,1477.77
2,Pò,Cappleman,7808.73,421,3328.12
7,Yénora,Earry,5583.16,464,5821.34
9,Méryl,Glanville,5403.69,510,1540.74
1,Salomé,Antalffy,5986.42,532,172.69
10,Néhémie,Diviney,1942.58,272,583.61
6,Sélène,Phippin,9113.35,830,9566.71
8,Börje,Serman,3136.36,346,1405.15
10,Lài,Jojic,4550.74,185,5496.26
7,Intéressant,Benkhe,9844.69,441,880.24
1,Cunégonde,Jori,3916.74,318,474.81
8,Valérie,Swiers,7012.72,36,5360.67
3,Mélys,Cradick,1613.14,857,612.38
2,Torbjörn,Vasler,9437.9,160,3070.79
6,Thérèsa,Sallnow,8661.91,865,8015.59
1,Hélèna,Jedraszczyk,852.87,377,6661.44
3,Mélanie,Adamson,6045.3,294,1867.63
6,Géraldine,Santon,8970.65,196,8827.5
3,Personnalisée,Kibbee,6256.95,29,7419.39
1,Eliès,Cutchey,3181.93,275,2150.02
3,Maïté,Tanzer,4825.21,627,1442.76
6,Méghane,Kirkham,3460.92,631,5285.36
4,Maëlyss,Burchatt,5487.92,639,3755.6
6,Audréanne,Peplow,571.26,870,7201.65
5,Cloé,Winsome,6313.64,639,8866.62
7,Kallisté,Cardenas,1948.23,774,3987.91
2,Dafnée,Carde,6589.5,380,4762.55
4,Cunégonde,Nuschke,9042.09,170,8354.55
8,Fèi,Richfield,489.61,416,6593.04
2,Yénora,Gwin,4784.25,811,3674.41
1,Irène,De Atta,6000.06,164,5295.52
1,Néhémie,Ayars,8410.86,202,5812.17
2,Gisèle,Ethridge,1101.05,179,5747.78
1,Léandre,Smails,3250.38,287,8928.53
1,Dà,Cadwallader,4493.35,653,7785.63
4,Clémence,Randalston,3583.31,266,1093.6
7,Vérane,Gallon,1554.28,747,5070.4
7,Bérénice,Darwent,179.0,470,3862.16
1,Géraldine,Brownsey,3610.23,503,8992.09
4,Maëlyss,Braxton,7766.05,606,9005.06
6,Zoé,Maestrini,7281.15,960,3322.57
7,Dà,Vallow,4111.88,613,2230.52
8,Adélaïde,Bilbery,3366.82,708,7637.3
6,Mén,McCrossan,9556.43,834,3153.9
5,Mahélie,Abbey,4558.26,576,6752.33
4,Intéressant,Agott,3597.88,936,9278.62
5,Léana,Mullins,1887.55,207,4632.99
10,Thérèse,Concklin,3205.15,876,3182.9
1,Célia,Keeffe,9074.7,719,7244.64
1,Gérald,Doggrell,2174.89,690,9065.24
2,Yè,Danelet,2758.85,680,3967.75
1,Bécassine,M'Quharge,7649.11,613,4703.84
1,Hélène,Moquin,4379.38,728,3207.78
9,Bérénice,Chucks,6583.39,210,6024.63
9,Nadège,Norquay,4383.75,482,4911.62
8,Océane,Gouldie,9916.52,329,689.0
6,Clélia,Batt,2243.2,106,7803.27
2,Märta,Makepeace,833.11,121,3639.07
8,Stévina,Picker,2747.79,661,485.93
6,Anaëlle,Aylesbury,2954.98,564,5691.18
5,Anaëlle,Darwen,1728.54,325,6089.3
8,Marie-josée,Behne,7747.27,898,2693.16
1,Anaëlle,Seniour,9579.65,40,3204.74
4,Mélanie,Gillio,8713.44,253,1990.97
3,Marie-noël,Masurel,2065.39,899,1099.19
10,Bérénice,Fassman,4358.32,244,6441.51
6,Styrbjörn,Goede,7978.55,53,3691.45
8,Eléa,Bernaldo,4193.05,59,4061.8
3,Joséphine,Bradshaw,3128.32,575,2306.07
7,Adélie,Westrey,8067.6,341,38.97
5,Zoé,Skerritt,6110.72,332,9335.18
7,Edmée,MacCahey,4284.7,12,5717.48
1,Clémence,Saunton,9534.84,532,6238.33
4,Thérèsa,Hammonds,5216.36,616,5983.99
4,Thérèsa,Tolman,5750.45,50,5915.02
1,Anaël,Reinert,2093.24,757,447.0
4,Eliès,Revens,759.68,146,3718.37
8,Yú,Palumbo,6748.81,526,3826.82
7,Maëlys,Beverley,2851.63,53,9663.46
1,Börje,Braithwaite,5863.5,115,6727.82
9,Judicaël,Dofty,1299.33,275,2738.43
8,Aí,Tubble,4597.19,380,5107.14
8,Eloïse,O'Kinedy,8561.39,547,8612.41
5,Cloé,Mayers,1476.42,217,6319.54
1,Erwéi,Davenhall,1150.21,293,1427.47
8,Kù,Bourthoumieux,4176.93,618,747.81
6,Mégane,Skyram,8518.67,241,8515.88
2,Ophélie,Livingstone,4711.11,321,7053.23
8,Ruì,Geator,6464.44,573,5460.74
9,Régine,Goudy,4649.21,79,4067.88
5,Mélinda,Gooden,4143.86,60,3739.94
8,Lài,Loxly,6679.13,630,4151.88
7,Dorothée,Charge,9020.94,644,4689.63
7,Börje,Scudder,6768.12,566,8857.69
9,Camélia,Davidovich,4212.2,926,7937.38
4,Naéva,Gillicuddy,1153.2,624,7239.77
8,Cunégonde,Balchin,3835.97,846,8576.72
4,Gaïa,Eplett,9127.8,497,7275.13
6,Méghane,Leander,5766.37,736,4953.04
8,Laurélie,Abbott,8401.88,431,1226.1
6,Sòng,Durrance,2190.09,608,846.27
4,Réjane,Rens,2877.98,591,6793.6
1,Cloé,Wong,6834.93,102,4691.33
5,Intéressant,O'Heyne,9533.44,908,7269.15
3,Torbjörn,Kemmis,7757.46,314,8932.67
6,Judicaël,Isoldi,3206.06,767,3593.52
5,Sélène,Rigden,8583.9,511,873.92
8,Zoé,Stanion,2109.54,65,1512.3
7,Léane,Labro,407.06,267,3572.1
8,Bérénice,Fidilis,3339.41,935,164.49
2,Björn,Gruszka,9060.82,782,4475.74
6,Simplifiés,Whiston,2441.0,637,2776.49
7,Sélène,Keems,2004.04,320,1092.15
8,Kévina,Rushbrook,9635.9,207,8956.25
8,Athéna,Feaveryear,2881.85,677,7474.87
8,Åslög,Alven,6398.12,480,628.11
10,Mélina,MacShirie,8974.44,576,4489.73
9,Marie-noël,Trask,3873.62,292,7141.7
10,Thérèsa,Pool,4920.83,928,289.51
10,Gwenaëlle,Lidgey,9240.5,68,4192.4
1,Aloïs,Fanti,981.32,540,491.78
2,Vérane,Latch,1442.47,227,8742.29
7,Yè,Dudson,890.19,827,5516.07
10,Judicaël,Monnelly,6678.67,385,7139.96
8,Andréanne,Flucks,9598.64,614,1239.81
6,Méline,Levensky,7821.84,905,5422.58
6,Océanne,McIlory,5695.45,449,2051.41
9,Mélodie,Romeril,3187.52,90,2912.49
10,Angèle,Kingswold,3286.33,925,8449.64
5,Frédérique,Tomson,6285.11,564,6051.12
9,Gösta,Meadway,4419.45,243,3245.15
10,Laurélie,Machen,2981.79,179,3599.11
3,Bérangère,Rogan,9323.08,885,7907.34
10,Mélia,McCoveney,3502.87,59,8216.84
6,Thérèse,Gregorio,6093.25,433,12.78
9,Östen,Remirez,54.41,672,8628.82
3,Irène,Cave,4558.85,307,579.58
8,Yáo,Grayham,3677.46,855,8733.41
6,Intéressant,Quartermain,2837.56,258,4155.34
3,Rachèle,Hellmer,1699.98,159,4917.47
8,Loïc,Castelijn,341.3,824,5514.77
4,Lóng,Madders,7132.64,311,1698.21
3,Béatrice,Rohmer,358.74,881,4958.42
9,Céline,Albin,5311.37,319,3265.19
4,Géraldine,Camin,221.85,344,9680.02
2,Eliès,Loughton,1746.39,212,7219.04
10,Simplifiés,Clymo,7448.96,531,9195.0
10,Lèi,Koppes,59.6,197,597.4
8,Miléna,Pigdon,6275.36,993,9375.18
6,Eliès,McOnie,8499.78,924,2345.26
6,Nadège,Fellibrand,9556.7,819,1163.21
1,Lài,Bette,1210.41,202,4876.0
5,Kallisté,Godman,3388.44,321,6477.63
5,Yóu,Woodard,6107.04,627,1477.35
7,Yóu,Tomsett,2365.1,51,8231.67
8,Mélodie,de Aguirre,9117.18,904,7055.91
6,Salomé,Younie,7705.79,284,9536.38
10,Kuí,Castagna,2130.26,350,5339.25
8,Noëlla,Ringwood,3604.36,944,5767.38
8,Athéna,Gouny,5927.65,92,322.57
2,Desirée,Cristofalo,3855.32,478,6181.97
2,Almérinda,Colston,9018.93,476,1837.22
4,Estée,Cowterd,9568.59,565,6530.17
9,Gaëlle,Blanckley,4148.39,484,3788.81
8,Daphnée,Overstreet,8574.31,268,3648.13
8,Personnalisée,Folbigg,754.61,612,6545.3
8,Börje,Dominguez,7066.1,504,7611.18
8,Camélia,Akroyd,3051.72,930,2610.76
7,Dorothée,Crumpe,2568.32,62,3852.87
3,Börje,Duferie,996.71,463,6800.6
6,Maéna,Griffe,5345.93,283,102.65
8,Lorène,Camplen,5472.8,11,1440.13
2,Séverine,Turnell,9858.85,142,724.41
6,Méng,Rosenschein,6402.8,835,9649.41
7,Céline,Kenzie,7330.1,454,3323.25
6,Anaël,Crilley,502.08,917,5850.41
7,Mahélie,Larkby,4343.21,178,4900.42
3,Marie-françoise,Dillet,4969.26,184,9102.61
3,Naéva,Searl,2919.04,209,1900.1
6,Aí,McVity,1804.8,239,941.72
2,Åsa,Kupka,1628.75,351,8332.09
8,Östen,Bradly,3075.24,181,5396.91
4,Marie-noël,Boraston,1235.99,942,3135.46
4,Réservés,Atthowe,8294.75,94,3512.1
10,Yóu,Alldred,3934.04,551,6554.37
9,Mylène,Roman,5548.52,535,2474.67
8,Aloïs,Lante,150.69,815,6192.07
9,Håkan,Rigler,8308.34,547,714.32
2,Alizée,Attaway,5238.59,289,2381.11
6,Mélodie,Joss,4293.59,428,2412.28
9,Gérald,Van Arsdalen,7745.19,213,281.1
8,Sòng,Shawel,6451.05,473,9688.79
2,Léa,Ondra,1446.89,95,9598.31
8,Adélie,Grebbin,9750.82,62,4029.36
5,Bérengère,Prodrick,1594.24,947,1338.29
5,Marie-josée,Alliban,3985.69,96,6594.0
3,Garçon,Jordi,3224.41,833,2104.91
2,Uò,Prati,6984.48,218,8322.33
2,Josée,Talton,3754.0,683,306.01
2,Rébecca,Impett,2459.27,185,8268.22
8,Méghane,Dorman,902.85,566,8520.12
9,Esbjörn,Egalton,3049.82,139,2948.57
7,Eléonore,Bedells,4.22,299,9442.83
7,Françoise,Abbitt,1569.23,871,6887.08
10,Célia,Benit,9578.73,359,7235.96
4,Maïlys,de Juares,9227.76,179,2095.23
4,Märta,Gawthorp,3327.42,349,3599.4
3,Gérald,Palffy,9063.66,657,4503.31
6,Annotée,Corkish,7971.42,22,8537.41
5,Cunégonde,Philippart,685.59,859,4411.15
6,Inès,Butters,3988.42,535,2539.46
5,Aloïs,Swancock,8292.9,125,5124.96
2,Andréanne,Koppelmann,2995.2,817,3917.69
2,Almérinda,Churms,3439.44,360,8616.92
6,Daphnée,Snowding,5856.56,192,9691.28
1,Maëlyss,Jacqueminot,432.92,970,4000.89
7,Daphnée,Daubeny,5547.83,747,8314.51
3,Marie-josée,Siggee,4113.08,130,4062.87
6,Chloé,Deverale,7529.46,60,3334.4
7,Méng,Ducker,9827.56,615,3968.69
10,Liè,Tullis,4008.82,1000,3060.97
1,Björn,Dunckley,5437.66,431,2171.87
2,Cloé,Burness,1534.99,819,3613.71
7,Maëlyss,Edgehill,6542.72,670,6162.55
9,Célestine,Alton,3063.34,360,3621.09
3,Tán,Walkowski,9827.26,203,5150.56
1,Marie-noël,Gallihawk,2702.34,760,5900.33
6,Pål,Briand,5418.4,728,5633.85
3,Lorène,Goullee,8454.09,76,5659.34
6,Marie-thérèse,Taverner,743.57,34,6333.86
6,Marie-noël,De Fraine,7099.75,390,3234.68
5,Pål,Clemenson,8745.08,36,4501.62
10,Valérie,Whight,1383.69,874,2351.44
10,Célestine,Illesley,993.81,991,5635.3
6,Mà,Minero,7494.98,486,2157.46
8,Åsa,Flaubert,7541.11,207,4012.11
1,Estée,Ruggieri,7708.66,467,7416.93
7,Mahélie,Muggleston,3392.98,777,465.26
6,Åke,Hasley,2219.18,116,3150.64
7,Chloé,Sambrook,1397.36,148,4919.14
9,Maéna,Laidlow,5262.2,520,7989.03
7,Alizée,Blakelock,2763.7,542,2135.5
6,Méryl,Luckcuck,4488.47,383,9730.14
3,Loïca,Slingsby,5335.37,88,2997.58
10,Nélie,Stembridge,3808.24,180,1356.01
10,Vénus,Hedney,745.22,548,8431.95
6,Anaé,Arlow,9408.79,255,7417.43
8,Garçon,Rembaud,8765.93,484,2832.46
6,Marie-hélène,Sevitt,4044.27,988,5235.6
4,Thérèsa,Alven,8245.73,859,2205.96
7,Laurélie,Bogie,8977.61,300,1188.78
9,Estève,Pelzer,3052.74,341,7747.38
8,Camélia,Houson,3803.47,800,8154.13
4,Gisèle,Totterdill,720.19,795,9131.17
8,Pò,Kiledal,4884.93,676,976.8
5,Yénora,O'Driscole,5053.29,688,325.0
7,Mélinda,Kaubisch,812.84,715,8116.76
1,Cléa,Tonkin,7086.07,234,9876.17
4,Lén,Atto,2028.72,626,1454.52
7,Eléonore,Prichard,6005.71,996,3217.79
7,Maëlle,Pryell,9719.32,549,3713.51
6,Bérengère,O'Doran,8352.98,233,5613.5
6,Miléna,Gutch,7396.21,714,7649.69
8,Réjane,Lohoar,6961.37,503,8767.49
5,Kù,Rice,1859.78,903,6333.07
10,Noëlla,Iannuzzelli,2191.72,491,9042.81
4,Anaé,Joselson,6776.73,450,4538.76
5,Kuí,Awcock,8373.3,849,9340.03
4,Liè,Hume,3617.92,327,7524.71
1,Torbjörn,de la Valette Parisot,256.64,239,63.54
8,Régine,Paddle,7090.86,982,1621.88
8,Bénédicte,Siward,1923.04,762,2465.58
5,Åke,Devenny,5771.3,502,1829.24
9,Inès,Bartusek,5653.22,53,6124.37
9,Méng,Wheelhouse,9084.15,949,438.58
1,Rachèle,Croston,8470.66,553,432.7
5,Magdalène,Floyed,5595.59,72,3477.27
6,Léana,Senchenko,1543.55,321,7524.84
3,Kévina,Tearle,430.82,946,7723.74
3,Almérinda,Perutto,2558.4,958,4820.35
1,Görel,Linstead,3569.11,387,7535.73
3,Cinéma,Gierhard,6444.87,318,6580.71
1,Irène,Colliar,5081.67,139,8149.54
4,Dù,Slidders,7013.73,758,109.02
9,Lauréna,Corryer,8387.17,223,5089.72
9,Eléa,Rosenhaus,5820.17,324,7085.8
6,Anaëlle,Mixter,2689.47,999,6706.5
3,Alizée,Hudd,6850.96,748,7488.98
1,Alizée,Burger,367.3,492,6230.91
9,Maéna,Rummin,9981.1,268,8155.21
4,Esbjörn,Llewelly,528.48,532,5761.62
7,Mén,Van Salzberger,8196.7,57,7682.04
4,Marlène,Moss,6308.89,95,6545.36
10,Méng,Perrington,3134.62,245,8193.74
5,Marylène,Burston,5478.6,458,8797.03
2,Célestine,Thoms,3843.61,191,7432.97
1,Lauréna,McChesney,5311.37,91,7034.38
5,Yénora,Othen,533.9,807,5551.19
2,André,Trevaskiss,7778.04,933,8861.59
9,Miléna,Stagg,4352.12,563,3856.27
7,Naéva,Jansen,9707.6,162,773.73
4,Nélie,Pittock,1636.61,318,4121.72
1,Régine,Brogi,3451.96,589,1248.88
5,Mélissandre,Fawthrop,9113.87,951,5016.28
6,Erwéi,Coley,8624.48,384,4990.68
6,Cloé,Sealove,9529.75,239,5897.22
10,Inès,O'Fielly,440.28,889,5205.06
2,Naéva,Kopfer,824.47,480,9727.46
3,Solène,Klehyn,1424.95,318,5181.93
10,Dorothée,Fellowes,9042.22,987,3770.94
3,Mahélie,Laugharne,1701.54,398,7578.13
5,Méng,Pellew,2432.31,585,9344.61
5,Pélagie,Streets,9970.17,530,1593.61
7,Dà,Sollis,2189.79,654,9635.14
3,Nadège,Burnhill,2146.24,612,7492.61
9,Cloé,Finlan,2518.28,625,277.82
10,Maïlys,Hartington,6800.42,311,1128.88
7,Gérald,Have,9184.05,823,6250.43
9,Danièle,Winterbottom,7173.55,226,6834.6
10,Mélina,Wenderott,5982.67,111,4080.62
1,Maïté,Jeannesson,6343.51,127,8861.08
9,Salomé,McAuslan,1318.8,739,6913.88
3,Anaël,Way,9743.06,670,384.45
8,Cinéma,Crosse,1737.04,8,7157.65
2,Méryl,Lintott,863.63,829,1386.7
9,Mélodie,Scutcheon,9024.02,122,7644.3
